y,x,z,ind
-0.9147729111449072,0.8658217405046909,2.7152689340512364,D
17.15957631244666,4.579014557980138,4.059982098495112,C
-24.197596718441975,-9.662371079204231,-3.768868019833106,C
-10.854793423350044,-3.393223941724557,-2.1846090340379662,D
-7.109214756079952,-2.625563502308543,4.857185964474358,B
-26.246508177254636,-9.033926685010199,1.0607945652107382,D
-29.46069581795155,-7.909396236550583,0.1878355066885007,B
-22.945972824073618,-8.051249687672692,-3.9515596643215947,D
-17.195588124774922,-5.091933709728913,-4.084614854636866,C
20.581435547493523,7.469787089176219,2.6612944937681595,C
-25.92606353994137,-8.96776721394502,-3.3583559229769055,A
-25.494178819378053,-8.790373285336218,-3.759053544559433,A
-16.87605831993628,-5.225197727970672,2.8883979167742684,D
-19.700371954530095,-5.926016117087849,1.9582517319560777,B
-18.108638759511294,-6.509327585643694,-0.4591338156668243,A
-6.8953018340603744,-1.6929980635527446,-3.535515344790552,C
26.679574865047655,8.834762363135926,-2.0457581121040738,D
-6.47458737558176,-0.6616943808495392,-0.4801123923610717,B
24.733351566778506,9.19956410381537,-1.540447491202209,D
30.156045768656416,9.996275326085353,-4.8455205954967635,D
10.956781823576925,4.5263430687983615,4.694245934274537,C
-1.1304580641501336,-0.31542650915350734,-0.9087840640525577,A
-22.733013706118776,-7.462779324111124,0.6108676963340613,C
-34.11246978200373,-7.891905049858437,-1.2587974752827655,C
-30.73303699970026,-9.154680880702681,4.248114013051293,B
-17.386599405798062,-5.117380024927584,-1.0136112308573928,D
-25.758264157913967,-8.569658877072271,-4.328413090457591,D
29.827394822509177,9.911352371882227,4.452854153814707,C
-19.135345857735462,-5.973476789058838,4.279054246601252,C
21.524119724828747,7.649024187639931,-3.7407847610668177,D
-9.716079476583879,-5.095463866534233,4.687198680924057,A
-26.053050528371926,-7.691319257485761,-1.7447043438563736,C
12.640628721220914,1.8440391465695427,-1.3314279732844736,D
12.55378364017588,4.16523876905805,0.11699261651767578,A
-19.347720998844615,-7.394213234873133,2.926055618693506,D
-31.684050082062832,-7.629858160181378,0.3382820862334759,C
-35.879332626640696,-9.925589776842878,1.601678183228417,D
6.063782124022655,1.3884943971465553,-0.3214821490039679,A
5.807551935425032,-0.3631937823514413,-3.925051146233267,A
-2.0716169265669704,-3.1767465673219597,0.37702200081499093,A
-16.40327619039167,-4.705643414205749,-0.5683949479255688,D
-9.108387744153012,-3.0456436434759215,2.0745705511345633,C
18.598758167063508,8.41429798011363,-1.9032418831857747,D
22.836609086327474,9.663239742637646,-2.8081245326867066,D
37.0796667031034,9.529728484966181,-2.0557637383234253,C
-31.883373728792947,-9.144897918490958,-4.701621915827965,B
15.835220508078985,6.1603638992705285,-3.435761912018489,B
18.349084120995467,7.33378180128549,-2.556161483259567,A
4.379226361844533,0.35966539596492986,-0.4987499663172743,A
12.743917416797364,4.306383923863098,4.658753673434287,B
-24.94391767444536,-6.189043155573044,4.2952542941686875,C
6.801271369714133,2.8725697218213053,-2.5618765658709064,C
2.5128557636998727,0.9337491345672113,1.485785677620468,B
-5.03867945820496,1.191680320964588,0.3261878111384844,A
-22.468395175491427,-6.13465181987255,3.7422313844773107,D
-6.53359720171217,-3.5108090526627382,-3.9162704353972266,D
-16.98364851150304,-6.361895346344082,3.7141130175287067,D
9.21947808884882,2.3478588722797706,0.1696410433454707,D
-14.388641826996468,-4.241245389190038,3.2710428657972415,B
-27.407500872645038,-7.312744059059828,-0.09039409412673294,B
-13.599288274956654,-3.4645823067745996,2.422377827294567,C
-17.048074715591422,-6.429595546637938,-4.705582846575737,B
-2.0382515218364254,-1.6533957788968472,0.8584764459411156,A
-5.003905277775426,-2.4690164969470008,4.515887793847767,A
-5.233998177317703,-0.8773235655747929,-2.061380470507126,A
-7.622115267223568,-5.102764528760126,3.9831430120319204,B
21.33570228191008,4.099379360000057,-0.0729026127622765,D
-25.714692968338227,-7.603282338713752,1.2061052225409927,A
-8.153509218487294,-3.621064069451254,-1.3463449790442796,A
18.215294721028755,5.552522654274817,-4.57566899866659,B
-22.276209009337364,-8.712073157321923,0.6324072437430956,B
31.296499395412592,9.898811554470374,-2.2692988249425405,C
-27.25242568326264,-8.131585719782866,2.240801293278798,A
8.810637616863932,5.290238782315226,-2.776257262396973,D
-18.739210998690922,-6.905634936423153,-3.734793362189156,D
0.81948146643263,1.1494751036160284,-4.6945732636025905,A
6.81937362585738,1.666618906099437,-2.708176510708448,C
-5.292786580841614,1.1658758991560099,3.7451631888077888,D
13.911663193234524,4.451762650146755,4.9133004002805,D
18.71338885801532,3.9685149668729593,-2.3084661587490487,C
-21.57298023916551,-8.63902567078625,4.951241850927872,C
4.392233486065389,1.838166801690873,1.5570908141090474,D
16.7009564751447,3.9962240409619376,4.471384344866841,C
0.1915022912876383,2.3528582540889253,-2.444200627493809,C
9.333372175346579,4.563569828344512,4.179497978139729,D
-24.426394345936817,-6.275731196061212,4.338169796576782,A
-25.245476954920687,-8.203750240603945,-4.298349401211292,C
-2.5431056987777887,-2.0238031646211656,-0.6032601470131613,B
-13.537969004192602,-5.337381919025821,-2.4690378964768236,C
15.410915938091359,5.318433604595647,-2.421053622649567,A
-4.056424550015857,-1.5435059324802225,-1.5345519182495093,C
16.015057989846863,6.02650685563237,4.509681055091072,A
-2.198598733376988,-1.496009697697449,-3.3584834464985747,B
6.154525507545445,0.3655080619641087,-0.8305990384992867,A
-8.947092196549018,-0.7783635492616074,-1.378115449326538,A
-6.4127507538412365,-0.4023999348919354,0.7925617888469958,A
-20.289691238376083,-7.191073094570193,1.6063333539266464,C
21.093041881833145,5.323838851203824,3.6095223262596505,B
30.528868751585662,7.6652704467817685,-3.7610796346626474,B
12.362924680663934,7.096853197997412,-3.5421803251336903,C
19.09902800479412,8.394026028265603,-1.5221641961673962,A
-13.938129883096579,-6.094202423550811,-4.8808686739047555,B
29.5753807705655,8.537457541643377,-2.6633788495705977,C
-20.037347846962117,-2.875620022191683,3.1076873074816955,B
-23.70261772911832,-8.232447820793766,2.832920822177293,C
25.127329675294867,6.693381338506683,1.6387604348239062,A
-25.481368628938966,-8.0641942084541,2.5119368831414493,D
-20.759391925481033,-9.062471589603987,4.225516240278498,D
7.167542652462522,3.83066616298289,4.125835559191426,D
24.4235798492519,8.525660194769593,-2.5251378273940537,A
-5.833382877002971,-3.560022779281889,0.06875782077676273,D
33.39534558317561,9.695130609154571,3.909996790942717,B
8.062335644241735,1.7134879463311314,3.6870470672776428,A
25.979156476783928,6.93405556227717,-0.23634115635306063,C
-30.40606284258761,-9.49934729435537,-4.00612366672414,A
-19.842685562924782,-6.505091690122223,-3.0882100968703163,A
19.304315858235658,5.8237279224426075,2.7164854810443204,C
-30.331675347608165,-7.61648667685241,2.710862891498797,C
16.20458072183451,8.040161270635828,-0.5957135037778682,A
10.99018565478287,6.0707814241360225,-4.438032741213682,C
0.2825386824424805,-0.8046353131937938,4.78792563529878,A
13.723334984798688,4.7127399246828166,0.47681496863102346,A
-11.327525214842282,-4.005749254848778,-1.0956887744000845,D
-9.612470558834918,-4.3379630144944015,4.319553751160711,B
-3.1969501724066482,-3.9134816287539165,-2.6619244767811443,B
14.676259373923678,4.146216953742254,-4.3837966164556565,A
8.835294242023714,3.3200512017461232,0.8373556084416292,C
-6.355692615065762,-0.4105190968641086,-3.347146369321774,A
-21.154859039045125,-7.275173150793588,-4.571873166360485,A
12.56020725309137,7.630935746318237,-0.8724612915399277,A
21.409558458208764,7.715942346352346,-1.133757965740756,C
11.309827973978532,4.562282382499889,-1.142661504219129,C
-30.957208752451095,-9.108024152290866,-2.287718907177995,A
16.713606431095442,5.255883167903599,-3.190912536174894,A
7.395013361218448,1.825855982253131,-2.6298214138684353,A
5.388410343224653,0.022515644781380573,-1.7128385692327108,A
-25.7207236802874,-8.349000963454628,-2.1300639610571457,D
6.125543040970031,1.3436533710322163,1.6727478182252655,A
7.953476514237266,4.572672094122245,2.6615507196284565,D
-22.73339190714511,-8.171307163409436,-2.9074051651042976,B
3.592967904975614,-0.020735498671481167,-3.1926791583758254,C
-2.609582281559087,-2.844910501370679,-0.9931198180311185,C
39.60921383892961,9.85040555061656,3.0195512737740096,A
-18.161040397511616,-5.854902345886577,-2.431120162909349,D
-23.831930408744984,-6.952757083397678,4.898007476532861,B
16.043422888784445,3.5937775254891857,3.734132910684089,C
-1.0598351620402906,-1.5781257068602628,3.818501919973313,A
16.640120438635925,4.291416279865372,-1.980270175626766,B
7.4585650457783,3.4334352389898903,1.4235303276344329,D
16.309496539694575,5.231802859658863,-2.51821181772082,C
-14.577909928895073,-4.224491336931459,4.374474739761155,A
21.768925093273907,6.669076218489348,4.6157801223647255,B
-11.213675029812677,-4.741489737062155,3.5222170385589227,A
29.865916694427632,8.464547765848188,-2.29397714120669,D
-12.00858813589085,-3.096886380449635,0.5032729255749269,C
-7.929588982578916,-4.5081338561468165,-1.230060356182162,A
-36.668193675902145,-8.651390830963187,0.14013481947068662,D
8.483263436681234,2.668497373253384,-3.3867030139175034,B
-31.305470606609113,-8.465594309381279,0.5738020873815151,D
-28.643869438705813,-8.2447317168061,-3.578734293895333,A
19.566785344923623,4.997012900384124,-3.721875185279231,C
2.0941516827389473,1.2894761268625992,-2.891462569085287,B
-18.52995329922473,-6.15396647501544,3.729465985152686,C
10.023473051550841,4.629704371322369,-0.3200520617818201,C
-26.62795196353843,-8.874432961762015,-1.154404481946738,C
-1.9029871986214044,-0.7963735448611065,-2.468001150447945,D
-23.496517443142263,-9.624216222798005,0.4338044444204261,D
-38.62257279545089,-9.36038222472594,2.268712270098053,A
17.459346828028465,4.4041370571936085,-4.774936348750719,A
-26.02516769056152,-8.804148309034696,-3.3632479239674984,D
-5.761255327622792,-0.512264007918855,-4.1781577254457645,B
13.905148936478398,5.728086836865732,-2.011625123873133,B
-18.8880049505282,-8.422549806849533,-4.5196949100409,C
17.606452561928865,5.4781037121284175,-4.93763601872752,D
-8.563821630963707,-1.7920879699285024,-0.9453924243587419,D
1.0905447046943526,-0.3781825010006159,-1.4384118043923833,C
8.503738090262159,2.6487804181268295,1.16558425301786,C
10.351706791667546,4.089024435597402,2.377047834728602,A
5.550486769107644,2.869766065338709,-2.1880360840756463,B
-36.145961853554496,-8.846843805252472,4.0263555293078035,A
7.268506653609721,-0.9134398657155902,0.2829293582572481,C
-17.299722042943582,-3.9155701197086934,-4.723361900615198,A
22.807185499152517,8.260368131611088,-3.5680793009061054,B
9.07570399827503,2.353170592903993,0.7450664819387001,A
-10.32903746367889,-4.355373830227172,-1.204681422539772,B
-20.358056286142702,-7.001062727856164,2.4726808577593227,B
13.5398606328386,5.83281314911412,3.1749099090280914,B
29.426799453957663,8.34391703009764,-1.5997253461164318,C
-9.617411195045399,-5.040007947409864,-4.836670457082786,B
-1.7632958304169182,-0.8218937963255506,4.524705472086808,C
-19.529545656291145,-6.645499993821482,-2.77470975481649,C
6.306046234207107,4.7447125542140505,0.7727857544625403,A
9.991852052827731,2.7290188910666675,0.8030565704116732,B
-13.681410826941415,-5.793877282504443,3.945240707833161,B
13.902925143467924,4.375289359894074,0.7938272647899272,C
-9.373307364453334,-3.451811536405314,-1.9636203929020493,D
-30.534428535105274,-9.481771473945507,-1.7798283713908027,A
-11.582151140959542,-2.839107973174957,-4.268872311874471,B
-24.895771102380458,-8.64644032355707,1.1100775330360237,A
-28.75754945521797,-9.076539415914073,0.6034230076350582,C
15.984229600209597,4.912629759275951,0.40234896010606924,D
3.5737768837629744,0.8212414314595833,-3.261244715801004,B
22.74101765444903,9.001580130985264,-1.561292883117268,D
-12.478014425775333,-3.179356394177473,4.654103574423139,C
18.97827427808954,9.453200797337356,4.524421666701471,D
14.571202053085633,4.942804912428517,-4.298628404658791,D
-7.562010391853213,-1.9711259252551923,4.420618362064269,A
12.873893653964865,6.061621324889028,-0.817720742761491,C
25.528199775485998,7.570260989563099,-0.9252092606870637,D
-28.609036472466755,-9.7977990558559,2.3606075460342026,B
6.082662115124645,-0.6668210665527958,-4.5248223564152115,D
3.4672443850640984,1.1939792327028638,3.3561487641390215,A
5.978244436757445,0.9709245026952917,3.373664608601052,C
24.131524349595068,7.842916224582602,-4.540013151270083,B
5.31601529086329,2.7867190610871706,2.3982122467193223,D
-20.440966595319725,-8.23835583240352,-0.8081162524181451,D
23.927513788798198,9.102818784828553,2.3171872161791445,B
-18.416845089375272,-6.232453219858098,4.766252258743799,C
-3.6672808782489206,0.05772166181888316,4.155363743647246,B
34.35567664880147,9.515299812923125,1.8531700126808541,A
17.418003084653822,7.579613390321384,0.3605669653820893,D
12.9545096223059,4.8220592136871545,-4.453279868438003,D
-25.746046235439056,-9.985460123280696,2.567988765501031,B
21.08125363409238,6.672457244969607,-0.5437082650067415,C
24.0669759664642,6.964733484750173,-2.496147554442624,B
4.261549749063016,-0.9925050476134132,-4.546801676968678,B
19.85387922923835,4.708261123732862,-1.2340771094511052,B
-18.235768967143898,-8.37739416229492,2.731849789481215,D
-8.122495082180441,-5.519374749893524,4.0949411166998395,C
16.145392156875886,1.7049599201392205,3.2499170021441515,C
-16.51559255824289,-6.821151245473578,1.4916156776967773,C
31.04019586341878,9.941467521202952,0.2629139075444842,C
10.11361004481697,2.72319266872589,0.68042618282949,C
18.36948027810043,5.876816095481047,4.021068083611885,C
-18.329726440007235,-7.782586353002541,-2.0008740425930496,D
-27.121655295302475,-7.534611101617643,0.2296725070319896,B
19.32561012944135,4.133889797461842,2.609459459989325,A
1.3485260899926077,-0.23433424551050663,4.145714987332065,B
22.93625007839067,6.951497044553992,-4.644146744270779,C
-11.440369389865804,-1.9654656584177488,2.103446384545209,A
-25.152868429106878,-9.170280040006695,-1.9069283472923115,B
-2.4466566818347024,1.4086276694786175,-0.5813400775558328,C
-20.990460316675954,-6.770531591807412,-3.4645600286384393,C
-11.192171771266684,-3.932382677020268,4.975104375971069,A
28.423277624958313,8.533189024459343,-3.4388887953415037,C
-23.949830329804016,-8.722896609332045,1.7094890864805077,B
-20.412906207498,-6.355766326540033,-1.9213257542104287,D
21.64313132854277,7.162033297007461,-1.4419484763205839,D
-6.840609817380976,-2.24376711273631,-1.2035559296459644,B
-10.988379071950767,-4.796768881105306,4.451329004341632,B
31.981390213887128,9.680841843907867,3.36614364821701,D
22.67136548066391,3.8090794119791305,2.986557093388857,B
-20.023629255824368,-4.51718194280085,-1.6914099967164722,D
24.75441483053115,6.191212907356444,-0.006325965832862934,B
15.871478130087723,7.3517923328081665,2.2620199574998185,C
-19.20202059147074,-5.769676739528635,-2.477371667346566,C
-12.352074566222996,-0.30682595046776484,-2.087686862966338,A
-25.88306768442323,-8.939206931434923,-4.632731951286875,C
3.5264909052609177,-2.0908146285804907,-0.7468743445007071,C
-4.760133203417581,-0.5853932175633432,-1.448792202569198,D
-17.70667306664961,-5.55315125367877,2.0937642851461007,C
11.57611121822364,7.231779377420779,-1.5366383379364654,C
-1.3562325876220234,0.8857800568019041,-2.9739107054568867,D
15.715914582139703,4.329966118604332,-2.06786395200131,C
5.318506854483956,0.10946887038670639,-2.4554543188709554,A
10.031974464576178,0.24116712641358617,3.3135791882981867,C
2.6727169494210887,-2.584607833299078,-3.4860204289808783,D
8.720395530499488,5.1728318483791895,-2.488974768848522,A
3.48986891957634,-1.745249233252565,-1.43386964473763,A
20.883861853227526,4.299761812504002,-1.036306238598085,B
17.961148914907866,4.806078206283569,-3.4095194542604137,B
19.039279603362644,3.896906955467008,2.713358937841913,D
8.758909368787181,2.030006776050257,-2.8550988883997186,D
-11.99339690560291,-1.0641633385118858,1.5164923661259593,D
18.701652791958985,4.9078334713443095,2.5112700186980943,C
-17.906523325277007,-6.180249715962596,4.561187405191488,C
-32.017495731696734,-9.23134637543164,-1.1087316156205809,C
20.367955777784466,6.7211567519196365,-3.9406803732457996,B
9.42976303255254,2.5382769265679386,0.7503733955756573,D
-2.6933099325168395,-1.7687689883661193,-3.5778695611948876,D
3.774801425963431,0.2563344701528152,-0.209017120970044,D
16.080180533265658,6.181993513483555,2.2032851282813626,B
8.883426618198325,3.200514492657284,-0.6188095239404721,C
4.887074977718697,0.6211774527865526,-2.7061691900910545,A
-15.540507505004285,-5.026598442775716,-3.6980152084070275,D
-25.886406766190934,-7.3314022986015,-4.0765949238092265,B
7.907382792275113,-0.09697887348562517,0.7420454421919223,D
20.899305285715617,4.139533776178494,2.528816050219218,A
-11.929587422509176,-6.069389682729089,1.7327131846942088,A
-6.338163881769351,-5.466793172238331,-2.336267529196631,D
-1.7058424016658948,-0.4642875549840504,2.330742279175432,D
-25.882501992339556,-8.767958145669343,-1.8562983831585034,A
8.673051502321384,2.7732586166996676,1.57128442995118,B
-10.4074968014653,-1.6671954143257715,3.949385320443831,A
17.725257659508227,6.622965284790894,0.5353451132658735,D
27.03704641386697,7.318379885555434,-4.387028378341006,B
5.2250921696205825,1.0214380115875326,-4.219621327051843,D
23.115055817657733,7.069769500756742,0.9194434284169137,D
24.660848380041063,7.820462256161118,2.4796763113445692,B
0.39473927155115973,1.6411622114281457,-0.020047776105595716,D
28.81608348514174,8.670981568826342,3.6924506113377102,B
-3.446420637062216,2.643561606762457,-0.882296279978732,B
-26.23796109116846,-8.115362726249632,0.7549124081049463,A
15.726575302946587,4.86564976386485,4.7880203926510685,C
-20.037372510041415,-8.803291269101429,3.433052365778803,B
26.608586172684195,6.921135567701228,3.4013969929337495,D
0.15247876887608314,-2.5525928338416826,0.10242992791510108,B
-6.65698592698747,-0.0036059364057230425,-3.1234984833053234,C
-15.84304019704852,-7.254777269930104,-4.081971636061263,D
15.888998388304458,5.425220249480354,-1.7846230474480054,D
19.754959962037038,6.846008062286003,1.8793940379227694,D
-40.248718356800765,-9.586266504021046,1.9002195722743922,A
-15.322894408984777,-4.578242070633642,2.9455255490166135,B
2.3097071395655675,0.8376867456133503,-1.767270154875309,D
-6.11866520943345,-0.09871875252521889,0.770571330066872,B
24.118630167923158,5.18783810937493,-4.204583753858209,B
-1.5879766123617174,-0.14052231704028095,-1.0689721192497026,C
24.935494655644824,8.905743157496673,-2.0867172909120777,B
33.94308221161068,9.263787632440806,3.4843790332829325,D
-21.703993652583637,-6.907872784245743,-1.5565477679243434,B
20.773435321794096,5.159313415176372,2.982672897515518,D
-19.946948232876863,-4.6967871656710365,-2.5029724145892285,B
-4.442874687450893,-1.6924882952372382,-4.873655644440006,A
-32.5643623049002,-9.212853417157934,1.76568229928316,B
-20.890165210606902,-8.800442604737546,3.3527819091904814,A
20.39758107416991,5.798296818659338,-0.15820003257560078,B
15.956552666428939,7.65105825280116,2.9727860255598504,C
-19.732321976512708,-3.443529183914671,1.965574216293402,D
-21.06898570604383,-7.768373689378281,-1.5046700696013513,B
8.674533396671375,5.298725704794114,1.5986201479481243,C
-18.402874818610368,-4.893794999428762,-4.236021470038174,C
18.1382574616149,5.326136153750321,-0.9600832623095235,B
26.278817029317207,8.097036807359473,0.37963090267170596,D
-11.926217365397624,-6.729424878783901,-3.746077131305905,B
-5.133777600180906,-0.9815444240896891,3.05485683053862,D
23.57436373385673,9.577442559850105,3.7549122039856435,B
-39.11863758982913,-9.966393738156006,-1.5272223333853088,C
35.01170312003006,9.728031891163717,2.543581544637422,C
26.469637027352086,8.669032979245252,4.4573648004264985,A
-2.905458764178837,1.4921726379153348,2.4713364577759354,B
-19.87766932678344,-6.77381907455138,-4.845614590425843,A
29.493903217488963,8.113887819794638,-0.04042843203112234,B
7.695280618750147,1.7245237596067664,-2.462004548083198,B
-21.333137970514972,-6.76953111999744,4.235160968287094,D
0.1750436876557231,1.9077567502258965,-0.3023202992994589,B
20.882129534379395,7.0824866275169605,1.498120624471615,B
11.489552908094963,2.421130965188002,-2.5861485912644575,A
-19.586674381928898,-7.0729674948330885,-3.5868723471761257,B
23.896620432420722,7.824126279093054,-0.7364183914853122,C
19.40511920780299,8.451294525259236,4.163239438831987,A
0.5212348171574226,0.5616648326185931,1.6487083939075227,D
-14.771627962078114,-3.902994923201115,-2.949571591242642,B
-8.908800230603251,-3.75722693184459,-1.593476026004017,A
7.656169579046495,2.5222620143560732,3.305421538592107,B
-4.79904588391718,-3.456735070042023,-0.25356501424849576,B
-18.578327900109397,-3.8125060785061704,3.3539798684730684,B
-20.024930402353952,-8.027547992873869,3.858421124515976,A
-16.807424228462033,-3.494192393942443,4.880273260778553,C
-0.20264462002907524,-0.6379998640001823,-1.4963172156752447,B
6.228067380031427,0.5774643450280958,3.3542506943590418,D
-8.032550095117255,-5.286070802727625,2.340346616553173,A
14.280913017148238,6.2721558902200805,4.33283506754303,C
23.372123971630195,9.072503225932113,2.53834637671428,B
-6.818197347135284,-1.213193463396962,-2.908520632653807,D
27.633793263655235,6.931426742396351,4.919526943603733,C
14.211560698104982,4.522215948373599,3.6910793492713037,B
-25.337874889006955,-6.707169103752237,0.25739515497135557,D
-15.859321829630101,-5.219038242378162,2.4229908554946356,A
-17.739928879449796,-5.771040655556224,-1.3419415153190482,D
-9.636005358359602,-3.034699847621127,-2.390275663512058,B
-8.64300703442514,0.1316843649610746,3.6691835426401926,A
-18.408626442967346,-6.987154030364861,4.047391719281091,A
-17.551309399578983,-8.070262193710942,1.3349260763791468,D
6.786701533183406,1.148183477448681,2.4237827948320962,B
1.7377636243071755,-0.44541438872136574,1.3320415886121015,D
-8.363967986360223,-4.424673577432287,-4.378762177770772,C
-23.995980943406984,-7.258133380538611,0.3590765827597959,A
1.514931068607197,-2.532161044001146,-0.7851605820939405,D
28.221040726947706,6.815799407654964,3.052431512966576,C
26.91622490122082,7.3198577327669625,-4.368632351533171,D
19.25555245386629,7.201772574094271,-1.183937121987353,A
8.329987644841161,0.4305927404963672,2.04709777184436,D
-15.924334639466167,-4.1095859242840245,-3.416478380034075,D
-1.760387445670347,-0.26486216693818854,-3.9639029557577077,D
9.481242370694615,1.1823538727989629,-4.53033043611868,A
-15.379407099879328,-3.6146387075904496,-4.5559111100736285,D
33.861914345646724,6.990094409589595,2.906022790173872,B
-13.852686650004877,-4.105784466547524,1.8455124851296612,C
10.173132967918638,6.663491278795089,-0.5060054587352392,C
-8.862876521083425,-3.63583750043097,0.948051250838212,B
21.654210722888788,6.240127376156007,2.458664760323087,A
-14.067879868592646,-5.0460757660235185,-3.1249502710356025,B
24.721052125807056,9.397135603041828,-0.0001723720370687687,C
0.4715368030838434,-3.3942660424625926,-0.07566574967064454,D
-25.56812370760075,-9.03472758681502,-3.2107265887682503,D
18.70499625379348,8.088308328856325,-3.779296473281782,D
7.727565488566683,3.762181512068498,-1.9768599676507503,C
-7.826592746807102,-1.8363852023460954,4.744089631475049,B
-35.41607313662096,-8.043063603895549,-4.493051253676797,D
2.088048532586191,-2.344667603703316,4.328036064625611,B
12.53121603564836,1.9751522268848092,3.0971388399548,D
3.213926648593855,-0.6042923451899647,-3.0854947359757032,B
-26.631418081961716,-7.602943029536977,1.51552748670749,A
-2.2760214985329013,1.1034039986249198,4.717837045323844,C
25.776970357623625,7.089191548711117,-4.544870067414627,C
-14.95502842279785,-5.169284805983727,4.423127026045181,B
-5.930254457645926,-2.754556125207033,-4.798966634734719,D
4.664761238165079,2.410699608124073,-1.270556565884596,A
12.251042056924593,3.535191924662408,-1.3228321800859097,D
8.276113073667606,4.940043541132841,3.618901209503953,A
11.630006349854263,5.635567255230352,0.5425135372042238,A
20.15011275966527,3.0673906538562807,-3.3444698108394375,B
11.468899653282094,6.142312867958513,-1.707370731706522,C
-15.230194135062789,-4.061508460798864,-4.84134769810219,D
-30.59953924088335,-9.558910508508935,2.514678405556161,A
-8.306477576902964,-3.789603602721927,0.8051598527963977,D
-15.301698352791075,-5.373315734933541,4.544032844485933,B
-42.4583942913062,-9.691197189771625,1.463082486928692,B
-6.349266178210751,-2.733308075123613,-4.32344432144816,A
-30.5000375099826,-8.133374844778453,-4.450108121809892,A
24.32248490303438,7.864227512769141,0.40275273124087096,C
2.9025013969357643,-0.9170296382106109,-4.188657865518016,B
25.182388334360212,5.484999685968585,3.3889339450975733,C
-26.239909478758477,-7.077406946870339,1.511823813992951,A
-28.089220796969435,-8.800330216986803,4.953897595481138,B
20.645868441552164,9.281357584249296,3.865257071081693,B
10.693965020345921,1.6373297858995457,-3.1860911486184307,A
20.719594147332618,5.838222256178858,-3.5186949028707373,C
-23.22635761508291,-6.750987273024512,1.7133234419738024,A
-2.370262926288232,-2.4320774714984816,1.6906650976736106,B
-32.09274879688941,-9.57874545056642,0.03555112607880062,B
-4.74044495150291,-3.2453058399681485,-2.486086414560298,B
13.32651560561516,1.7793827374059674,-3.1665164031460638,C
-27.326808646955982,-7.408862279235333,-3.166403383719177,D
-11.740693412756224,-1.2653924890719797,4.291214333018621,B
19.374686565265552,6.346080834391724,4.626102392789921,A
-12.765138436955723,-4.93256539487173,-2.0358991725512876,C
-7.81014575099014,-3.802754694977752,3.9849333711641535,A
-31.004874868326745,-9.080003951489674,0.5368358898657233,D
-1.596409450621735,-3.0105096160862193,4.596421034596039,B
5.918359473026863,0.4577306703786892,-4.246734407817626,A
-11.229949275791347,-2.4667712178688035,1.3970129393810984,B
-15.887347838594152,-5.406221882388566,4.443996535578885,D
-6.435422942350625,-0.7043342927889817,-4.037939315595733,B
-23.050833448619635,-8.037319414323436,0.645165906606521,B
3.3826216110913174,3.0185031441376093,1.5868329642607213,B
-2.832625147978079,-2.0769824020032646,-3.73039175308897,A
-23.751313570447813,-7.76614569180365,1.1718394710509195,D
-21.022832498068,-7.846056769944911,-0.23149176594972598,C
17.335495766167618,5.0214643935817005,0.599879883747696,B
-9.45349460224665,-3.4519129416836076,0.6703365576383638,A
-10.751938557190178,-0.5978043488554281,2.1860844441197367,A
17.47858950588787,5.859184720947182,2.271911478663312,A
-7.684148221390629,-2.940937967026482,-1.2917915173906702,B
-29.04554015582958,-7.002684422158829,-2.3384925925337994,C
17.050273709971485,7.544125071880924,4.054709528722398,A
8.237084353795925,2.0783107150995264,0.629372642292263,C
27.5704987529354,9.476629266737746,1.715922571473305,B
-15.465039920636254,-3.3302870318328104,1.6653307732066667,A
-14.853157616354823,-5.81745218452669,-1.2344068915140594,C
-10.8662702961354,-2.5775778266855394,-4.783246705244003,D
-20.70803180528859,-6.6336715841563265,-1.4322276147447366,C
-18.80405721072748,-4.2869315544266335,4.695933141588872,A
-21.027030558121496,-5.344996066041354,1.2744376735329048,A
-23.46680458264801,-6.982357447400284,0.1893883012356392,C
10.4065612863801,4.861312679301793,0.37855208645849014,A
21.83756286533106,9.258417457972886,-2.2659206167892143,D
-22.62173637571118,-8.504876445438704,-4.058981140845773,B
-28.004834157674956,-8.978142546278225,-4.130311729085573,C
-10.098703093072855,-2.614270751454546,-2.30990424767786,D
15.231645197185927,5.348899521984389,4.954968652046814,D
-27.265401829851683,-7.746703810532676,-3.1801247664375074,C
-23.102367320446596,-5.813500740447644,-3.4514497353170803,A
19.25076901695966,8.016565292064076,0.0039297429784515,A
26.25466872496802,7.620617371486805,-0.2639905520754997,A
5.815255395219075,2.745835181557272,3.497150261405867,A
20.09498031828988,6.376293191719121,-3.564870816384457,C
-8.132106414402466,-4.858266778446811,-1.9504458691592639,D
16.239728106261442,6.01610054582644,-1.1305486122151551,B
-22.646813352028744,-4.267608479898994,1.3891476306945458,B
23.34573409047001,5.213639356091267,4.149535985280965,C
-1.6317633865094407,-0.9859912049561963,-0.40470271682834635,A
14.77550838415964,3.900592691106148,2.9594170762717837,C
29.184757581736562,8.837435831863441,1.2555814262086873,D
-1.7250367513672007,0.5090557432152352,0.4928134527269261,C
10.310173951931542,6.0326507122726944,-3.7873132707068127,B
-6.185417624611112,-2.616730825657843,0.4432325123885086,B
-1.7017210367305335,-0.9191230285105085,-4.844157896090787,A
-0.9094454235934449,-0.23265392122311646,-3.4990598955291388,C
-18.719305065863736,-6.71934453408136,-1.1509124143544347,D
-12.56516774509701,-4.234940747342007,-3.67865576376039,D
16.259534772523992,7.361635331142914,-3.765775719586814,A
-4.717967168724297,-2.1200622107883333,-3.8546847746975743,B
-17.304200047172106,-6.946932157425836,4.411979126274762,C
-13.50952061641131,-2.3501655409012496,3.7699031290359404,C
-12.698624892208993,-8.496291209476164,-2.1323959676201265,A
19.885471931814358,9.322060389252137,2.5928065369065987,C
-9.656186302336645,-2.8028126278404963,3.813213308782892,D
10.486943959967634,2.1289440453192334,-4.079842575836362,B
-30.283800891831977,-9.426144000205586,1.9503865972408727,B
-26.232862023868453,-9.514559928026626,3.9714853772314456,D
23.400408515106122,5.20739061129667,-4.556092359950274,A
27.03207567187583,6.626478234212339,0.5978117688119831,B
0.04202761115291764,1.4494727831000134,-1.7461828584539063,B
18.16622256954901,4.958748586494718,1.3438340789324856,B
-38.5028953672307,-8.911826849792055,-3.9486482332549153,A
1.7792635407865998,2.1804904781541055,-0.8169470385071094,A
14.529099106934519,5.0263879815014505,-3.148068383036878,C
14.032082595940661,4.083167062924659,4.742544784306675,C
6.200950949741101,2.881270093856932,-1.5773385124192885,C
-6.981982292571012,-2.9107558513888314,0.6559109216249173,D
1.795306308909634,-1.3637763707838069,2.7814041721916674,B
-7.316076519874547,-1.3603453198104916,1.2296461649401822,D
13.472975372053584,5.617112700636133,-2.68270044583097,C
18.323639918302128,6.239141406707084,-4.663112494702358,D
-32.924226394141606,-8.248119296322162,-3.908960012346224,A
-29.89561186677748,-9.633799439925976,-1.1616911080571537,B
23.235901058737085,9.98957272989777,-4.854173997899885,A
-17.376801468624627,-1.8980411214389825,2.005296313626655,C
18.073778245938158,6.787831165171614,-0.4040355180825479,A
-9.482117664804576,-1.0209471385524704,-4.793612440476859,C
7.43053037528043,1.4511540017146967,4.265977069228821,B
19.724396335786118,8.140454993215588,-1.4762401028841445,D
-25.087704377075244,-8.556348925033534,3.9764336500858093,C
-5.251595659856035,-2.821153740570617,3.880784353018157,A
22.344184255736316,7.672884667031809,-1.0770556470068984,B
21.001122710929003,6.428986070745889,-4.883506215404417,C
26.4360526859187,7.427553061426302,4.07688957581543,A
11.935651810980822,4.188138452852506,-1.7997144928180409,B
17.961613049217295,5.380476334929057,-4.030484089219003,B
-13.022387149496597,-1.9895669264087896,-4.310005165311676,D
-5.361490762317347,-2.0967801096821015,-4.272957775633161,D
18.362699180972314,5.58757006905026,4.908828442812705,B
19.310252005642184,9.27169370885959,3.98614189900133,B
15.625872840322064,7.8456524924027455,-3.966149815201433,A
-38.77015204416817,-9.566802596054123,0.9087289244298757,C
31.326539801696807,8.289613096929113,-1.9842171990637225,A
33.9620234100898,6.497605199881736,-0.2649715500082115,D
-25.360713335486594,-9.03370885002705,-1.6576381600883474,B
-26.55452878063156,-9.713614439015188,-3.9823751078945167,C
-13.826424559395843,-3.474991679847137,2.53075875984461,D
-24.86231109753804,-8.957696284848687,2.091154635132587,B
-25.770353514323464,-9.148934543269142,0.7150688481852558,C
3.9792332790963565,0.0738707886320995,4.141139081314357,C
-8.287432686046028,-3.846394940968323,0.8941047006153511,C
-0.41411177950983546,1.9060496944450165,3.469825110973906,C
-25.07222152204773,-8.13650297806694,-0.8342583116864519,C
29.447967723815054,8.171480621294652,-0.6134237365294322,C
-14.590468195986126,-5.59168222715539,2.5564036691200265,D
22.778523441420667,9.864727750258105,-2.7306882410430577,B
25.144403844201918,8.235720043742013,-1.4008074688489893,A
9.224821986304823,5.60257189368331,-1.681797325526909,C
11.583147477508309,5.798510542151213,-0.278201463812243,C
27.40985955406747,7.851506817194057,-2.1248454021901733,A
-11.287503424539295,-3.601741822229883,-3.347282881903253,B
14.351785862730969,3.697213876342012,-2.704240461889247,B
9.531362582885148,1.7474729613128055,3.231143912492511,A
-8.721136644579852,-2.654317545635145,3.134870233422257,D
9.582865375008037,3.8038392756772392,2.852898958825648,D
13.278510537287623,4.444567473393818,-4.132241756641105,B
13.580911933667782,4.888353626824591,0.056610135781999915,B
-10.167694007267157,-4.898252638672503,-2.4242259555433754,D
20.387808708841906,6.404391873236484,-0.6119383465194765,C
-27.378255510706904,-9.58191947578426,-1.5751036955693767,C
-22.63777257041967,-9.119348154337121,-1.1783756878392748,C
-3.3725064550498303,-2.0914508378698082,-2.832810798504034,C
26.619398406414383,8.281927310523464,-1.0732547317811605,C
18.996563306232005,6.437155497724024,-1.2193273069985269,D
-17.158253974289487,-4.022463340534976,4.890320742032539,C
-23.12295785502137,-7.932488717611612,0.8484852423266931,D
0.48415843048183227,0.6926624879037817,-2.3422117491498606,B
-23.27765858202998,-8.740591048318711,2.627715586187258,B
25.81306785563792,8.278221158010155,-2.035890428562337,A
5.606522464732333,1.3410599672253998,-2.0216918082647184,C
-17.681686478407162,-4.17927359555881,-1.8619354172511695,B
29.66906484732171,9.043126261615871,1.147313964551162,C
1.7661055380923028,3.755391470930931,1.8775838658574582,A
10.697270821607276,3.6465651167931625,-0.42294506329389936,D
10.26670585512586,3.8400265303721444,4.7844399878743396,D
31.258408054738638,9.770209960812888,-3.6603115137633893,A
11.65230827240087,4.973037491671326,-0.6042288165640697,C
-11.980919583948515,-2.9749269941399366,-2.3450307065861975,D
27.731155058306413,8.970462268709454,0.911647352046808,C
-32.84878857126416,-9.883860744461856,0.6225688907819791,C
-4.363626064184622,-0.08388424293632823,-1.8116167330431154,A
-4.004274849995557,0.6985876305942984,2.1172555494183998,D
10.863601733982835,3.501884969127559,3.307131443030565,C
-5.688064371676916,-2.9004497303548282,3.3124430575758,A
33.32516163394277,8.966723240657522,-0.9427968187293532,B
-15.407981068112093,-7.284812647326103,-4.0176655715823175,B
18.72142467297092,8.178150362305253,0.932737454431579,C
25.956145707387968,7.143039003891339,-0.31212707384908356,B
-0.03449895476226539,-1.0012747970241165,1.7869816989505427,D
-19.014470541143876,-6.2631363539105696,-1.0695569455159735,B
16.55651096037052,7.284302841238567,3.546487668177482,D
1.9747785365787953,2.187200791572579,-3.995755012711384,D
3.4375260407331956,1.8519407626793338,-4.612181387982261,B
-33.411735584548396,-9.678626409389368,0.23227330106516764,A
-29.611277926368544,-9.338633253423101,-2.0730036457968257,A
-13.819564418585855,-3.639227197494927,3.1738051334326496,B
-9.137890851092983,-4.632809597600625,2.222905024123028,D
-13.511452361507356,-6.251518949690135,-4.149293427817443,C
-27.100417699839785,-9.823297856031905,2.6217778137002865,A
5.892833699668126,3.378018181674186,3.9080692633785397,A
10.055813004166488,2.4238600946961704,-1.3772493332634772,D
21.11818472997456,7.595454561842473,-1.2507845373858775,C
-5.150435804739912,1.1487371089793932,2.96211526116417,C
17.168262079907915,6.189542964118079,3.7407983980772403,D
-17.46428329365393,-5.35746074607101,4.647789260183783,C
-28.91550620893479,-7.582027844604431,3.2959571311172997,B
-3.8866038056923866,-4.032113039415613,-3.885603740433232,C
28.90896032864925,9.559745961301186,-2.9203758138347267,A
-10.31164097523586,-6.287566594268574,2.218509278819802,D
-5.682398405734459,-3.534465504578101,-0.751189447316821,C
-11.045216339436225,-3.5671946732651216,-0.08819817388845497,B
-18.160708117691396,-4.469774009591482,3.87704418437367,C
-1.4878732021462637,-2.748675769629343,-3.507850633188452,D
10.802450848619133,4.343736464336159,-3.47015415889389,D
11.548127839044039,4.287286431305281,3.8391405493901605,A
17.119165323971494,4.871548391589597,-4.106437730985951,C
22.49096734492074,5.6340968734562615,3.7395490518151284,B
5.384203631324685,-0.6916015662427366,-3.5349415811056795,C
-10.742322397007396,-4.634628734459216,-3.686635439295025,C
4.442590266378131,-0.3951227648544524,4.860492322488678,C
-0.1393779432659752,-1.323265618733009,-4.737029225860752,A
3.8420992987338343,-0.3174078528846209,0.6257114384965812,B
8.944892548310609,2.8083953901863,4.191483207644103,A
13.312417297060318,3.586666556971654,-0.7684561007673993,A
10.536491099270883,5.009240760795173,-1.367433547626046,A
21.822959968878177,6.706576316049514,3.6157701557188133,C
-8.670967405198947,-2.3010403750744945,4.997461034995435,C
-16.177768137634835,-5.622453637229439,2.0494234898422716,B
-17.5491830502304,-6.079201636875576,0.009182627938248089,D
-20.37445246121231,-5.7880799089025,-0.8244562490805656,B
-0.7803479333497628,-0.099355781784638,3.568117044010979,D
26.493257626760684,8.896959682567346,-3.1060143752168745,A
-18.19100912415378,-4.746237885990814,-1.53060904287883,B
8.358393972805466,2.696206272862657,-2.140796642473627,B
-13.044766721823137,-7.574223499005869,2.9335271028007384,D
-3.250179341873941,-2.1903545790584804,2.729763222185757,D
8.269573026168542,2.117978781538053,-1.3914344385756836,B
20.055746179389125,3.943447013402505,-3.23475848762919,A
6.817004948600944,2.9572892760014486,-0.5042549344820664,A
-6.663546759082509,-2.5346314426677434,-4.497953491698022,C
28.682507015406646,7.607674035840372,1.3625963484591983,A
2.0224212783237916,0.47063538893493373,0.2669271730229532,C
0.043903809455421605,1.0247321265763993,2.2586031982858543,B
-8.696666170683349,-6.177958113990605,-0.8510781958249787,D
-10.53042645516415,-3.2637766869346674,-2.7382759549483104,D
-5.933192132168591,-2.691437041155293,-3.3790585479717494,B
-9.792366832226781,-2.4253382628425024,-1.3740889077336926,D
7.342026931295664,4.534950730088283,-3.4961092103775293,D
1.1009416255515179,0.15394927934273284,0.21724730475528276,C
25.01301220621817,6.614757415396319,-3.327043965180805,D
17.373171478184254,6.260508292286616,1.200552404999808,B
24.84849203132646,6.790866963614192,-2.3963098335173183,A
1.5637858809592622,2.6297935994583597,4.748117757057669,C
12.136306614745411,3.921233652265208,0.8016852112322557,D
-20.372508343744432,-6.055739927692851,-4.5157594455767525,A
-19.026961644164903,-7.488033613098979,0.43810790518466547,C
-17.940464408552206,-6.109967722163663,-0.8738361656074023,D
-19.103917408624103,-3.6878376054382596,-0.6191418209076307,A
-24.029420313277292,-5.792085708113815,0.32518821995305647,A
6.5515897040186175,0.8502113070335575,0.7867146136682308,B
17.67390050723508,4.076233619427697,0.8344456055031646,C
28.233850568981236,9.26809504427851,0.13367300458306008,C
14.1588323856389,5.162333033876685,-1.2323640612867957,A
30.725250750232817,7.696072184493417,-4.310894244342109,B
-1.933010565924345,-4.458283017191221,-2.2938503377813504,A
28.130675060022632,8.274336831472976,-3.909407998486781,C
9.827637706901019,3.370511874720627,2.6079556491072333,C
2.8929294247018476,0.3538692264840968,0.1550586242785581,B
-3.4613744532202517,0.47432068912515035,4.103026363077975,C
5.759918640009067,2.354546587108789,2.600536904062132,C
5.116487356132538,0.7537549941723132,-0.302549766399518,A
29.971781997867364,7.698302243442043,0.27799536051870266,C
-4.095171263447968,-4.588909016413871,-3.4133734149118733,B
-0.21000610504169348,-1.1978387896857985,-3.490770879766598,C
29.68024330043665,5.945822623556605,2.1082887787156217,B
21.691345764267965,7.821182514591715,2.4862370859568443,B
-25.68493274656695,-6.732660792024845,1.8993794102384527,B
-20.73176020315332,-6.471251000116056,-3.6993875743514835,C
25.525291733346172,9.586935887508794,1.6967095532996286,B
0.7286411889925519,1.11861803091778,-3.921998591539894,C
15.776938802005475,4.928884803461466,2.2427633938660287,A
-4.0715970171401015,-1.5573658244794757,3.6830452402531364,C
-13.426376624582497,-7.973723443247707,3.66287926640058,C
24.600000664797157,8.938738397434442,2.361074179494591,C
20.604737719721385,5.340414651193049,-1.9771696680803497,D
-27.503488298841326,-9.743508352239136,-2.4172630141601816,D
-14.626421776505726,-4.999724940300583,-3.124265161660895,C
-0.2395280283297314,0.6339405416676236,3.6922082313850915,B
-14.061664631291604,-3.0388621745911815,-1.3492692751364608,B
-14.403930438546451,-3.258725149041524,-3.8849664292035246,D
-37.03057330375665,-9.188944035848241,3.3076100509180772,A
20.441562111302076,5.54749923029213,1.3257908756234817,A
-6.374686539977232,-3.56535031904468,0.36114293575613665,B
16.214188664801704,6.398756511047289,2.378242647447135,A
6.133104848047955,-0.2862684941596605,1.595449651031653,B
14.282731922234674,7.367995062333204,-3.9882776024685374,A
28.24353779661045,9.75844250787993,3.45928557587283,B
-20.167811855021846,-5.890128274797208,3.802207394538243,B
6.757429665888602,3.124702579368501,2.685375585105863,D
3.7369381731585714,0.9596872123786895,-1.6971046244783028,B
20.24575929439903,8.135412886103268,0.27131682677265445,C
-17.78671281909166,-2.910915930214175,0.7061775289565357,A
-24.72730969130899,-5.630100616129868,3.2142414762072935,B
-4.211694637705323,2.163923832094712,2.186062667880684,B
-35.93652787932858,-8.665025375115347,-4.618523872838221,D
-25.17757087496911,-9.607494685336057,-3.2938879566827852,A
-20.385438799023184,-7.127183188402655,0.08198282479592223,B
15.626818704005487,6.724945253782273,-3.3696370943327825,B
5.027783282501657,-2.353287221601514,-2.349106797636664,A
32.7757207674408,9.470162378833272,2.489819000387815,D
3.9070089467708735,2.7222420548568937,1.486021745610011,A
-10.300266151940322,-5.590119174621293,-0.47387944647855207,C
9.501767856727389,2.7572207621262237,-2.001034466162621,D
-7.6027978273656895,-1.9500969131655417,0.3491163310913503,A
-3.908100424290751,-1.057381178126061,-4.001148171439981,C
15.448481631928688,6.0232731422844275,0.4313681741041133,B
-18.57127368852339,-7.564922090813846,-3.8898136572089195,C
17.30286661289202,3.7232930079747106,3.6364326042518513,B
2.458206254051298,0.14412289500901387,1.590830261231564,D
-8.871447430335921,-4.132149884081187,3.0559846275318137,C
6.044902706814753,2.4049998871850757,4.496173919912524,B
-16.321179376190845,-6.720421651418958,-4.653193207593732,C
20.661273040409654,3.814427305812867,-3.733775616444931,B
10.668070051898269,5.6136886925727385,1.9642927564219494,B
-5.161964161377517,-0.9528288595229011,0.4709842623962821,B
-21.23771571680863,-8.15704161573799,0.16952975193472852,B
21.9711485740207,9.731976275105126,-2.552263972326292,D
-29.617206888387805,-8.710965613704772,-4.780726624102682,B
-3.5126468260216406,-1.7903878110141491,2.7052805868503675,A
-32.508399987914515,-9.867763370745223,4.000129765743633,A
-0.06284420829080517,-2.7258981553288724,-4.424442891291162,A
30.986327458597295,9.164515111983174,4.520480113481616,A
18.711809328158125,8.39614488241292,-3.671413438286822,D
-9.249568374675642,-2.670776481808497,-0.2009765598585611,A
-13.914228029710719,-7.95923345311655,-2.7212374334686285,A
-6.6436185201016045,-3.725970911250145,1.184729721900192,A
25.14660554280957,8.717777502174506,0.5462523892180462,D
-23.731499664623428,-6.823634827825618,-2.4660243663448056,A
-14.716839615824304,-4.871459835850649,4.337642751997382,A
-1.9045621306507994,-1.7930106420614393,-3.4495300759280267,A
-15.209057037848178,-6.461400887615715,-4.447511036065544,C
2.1833211688551373,-0.008389737632390037,3.030086996660499,C
-8.27254522477849,-2.6993148770707425,0.12188449281087976,D
-20.012703264961292,-5.85608477316309,-0.5474279230603996,C
-2.5344548995346496,-2.6202777831411144,-2.160346725687472,A
-18.777612224866115,-6.55103826086113,-0.6887089214318269,C
-4.681366200305273,-2.1448776815719484,4.5299090031144225,D
-11.358516759279155,-3.9974669327635475,1.4586969116837833,D
-1.7889605535493256,-0.1695557934209404,0.1148608389784549,B
-21.29951970137623,-5.9403772029904545,2.319026877372491,B
11.532514140430292,5.172866226684636,-3.2891246862762644,A
-7.154839303869963,0.3415760348169101,0.6848184310802203,B
-14.030079429951654,-3.3518859426594583,-2.9451981791590875,C
25.666583360849707,9.10225555343527,-3.4963316410370515,A
8.235405494452984,1.474712018003574,-3.7403354309074044,A
2.3323909964348646,2.7252662867434534,-0.9885740019430722,B
26.555272539892997,7.5201612807762,2.296510157142536,C
-21.62780126669767,-8.1274792682972,1.0878630575178283,A
-18.48018424118368,-6.990788076236041,-0.057407337641580014,B
-9.369093378456016,-3.0858602228499805,-2.354980815547062,D
3.8593104877578406,1.3516055292514473,-3.982218148908264,D
-0.32204143367106663,0.7426684513511095,1.9067401495016636,C
-22.910959195765532,-9.020984852110143,3.6380210633893384,B
21.10076600233896,4.081457465540792,2.5628915176689766,D
-31.772207145189235,-9.149097558760824,1.1718102532174886,A
-21.26944107653162,-4.074487948856438,-4.64771086334964,B
-31.66619976350048,-9.858937670272814,-4.898308803002713,B
-18.51606787524536,-7.698896427615369,1.3915291359809476,C
-25.536072967159363,-6.629265382310607,3.0228632776404574,D
12.583459209670508,4.863707011808799,3.292097785511608,C
9.088191895007238,3.8616466364090236,-3.715823707884768,C
-5.663293429010245,-1.5523903588703902,0.09532406025857654,C
-20.674093741227157,-7.390325482226022,-2.8080036186215396,D
-17.783521380668674,-5.436258655402031,-1.8020664182585557,A
-29.307939561983854,-7.7334469208150125,-2.366702723850235,C
11.437958051048746,1.4656151783735343,0.7603736897476585,C
-4.1299076750129995,-2.294083785268331,-3.0674095356175988,B
-3.024703715972035,-0.916938366076641,3.483139019770917,A
-14.650534100010155,-4.103161668168145,1.643159311724725,B
7.194942417425027,-0.10913736644140037,-3.0501631894692816,C
15.931963990563561,3.003517904022189,-4.161996524481706,B
-16.300148398741726,-6.981612874609016,3.082428637172642,A
37.410654178108274,9.890376334774786,0.9908110758619069,D
16.94026792852851,4.007099422498756,-4.664084742958846,D
-26.10392217538946,-9.845905373670265,-4.338318411635629,C
-2.527527347237024,1.8878796179056572,-0.9441150301206296,C
-21.97932307389913,-3.2542403394472057,-1.7043367702444954,A
-6.081371772051645,-1.5542958312631843,0.9398484605605226,D
19.455222572438696,5.638620071678751,4.144191810696491,D
-5.109804368501306,-2.7947165150545272,-3.446228002763043,D
-16.112907425391857,-4.451821275523569,2.8640374179407138,A
26.095309035863433,9.973900369787117,-4.464730282002565,A
-0.05759407079896839,2.6469430903085023,-3.657841394593868,A
-0.46592043054501386,-0.4676347071894682,1.657098547051814,B
-9.339847675749983,-0.815443032201733,1.9686353916755532,B
17.70157148930222,6.842950240523987,-0.39292453786781145,B
-9.011750590206855,-1.7545388383977123,-0.7117898816451174,B
15.08421408446685,6.159770842828227,-4.146804361119905,B
19.922524684816864,7.992294136940771,-4.022684459158529,D
-22.46253206787811,-6.6919983213754275,4.86060028030186,D
-15.267489058452544,-5.9473754199119755,-1.491610130073818,A
-12.362066512634765,-4.476729981099339,-0.9179442359163446,C
10.571063624767277,2.7831655593732023,3.6409878021045206,B
-16.04863203752889,-4.799699266852773,3.6834709331860296,D
11.38019795020709,5.19738345782644,4.487427357296815,C
-8.765946085158458,-4.311773305111435,-1.3313310096747344,A
26.192443549744112,9.489864526222512,3.4755038648696903,A
2.3173097622890753,0.03935131136131531,3.468756794785273,D
-16.009771298178652,-1.9941205374540694,1.5158681903830296,D
-3.1135747434284142,-0.5164165436191297,-4.122080755532894,C
-7.146356157009523,-2.6614097986308627,-4.812326031662271,A
-29.942847001885806,-9.50611735811731,-1.1338453877884547,D
-16.99407702555919,-4.903834570601853,2.3469692173675893,B
-25.35954216819449,-9.987504951559679,2.368016699794252,C
0.20902875320864922,-1.6462816299712468,2.9170385028809696,C
0.12621311082341347,-0.17768628700679656,-2.794090289273745,D
-1.601195278032455,-1.507406188525966,2.3445601889934595,C
4.7052793546025,3.5530693153741346,-0.8432100826906979,B
1.2694152410704245,-1.0820741738128028,-4.9994509694250535,B
-5.304818660055273,-2.187067610899936,4.0320230333625755,D
15.430026752004249,3.624861622776221,1.0635336127445267,D
-0.2662901096870054,-0.7440529958769844,-2.370043920692,C
-8.017174203531358,-4.31770150805479,-0.7980729728627045,D
-8.30814702407791,-2.273133218843739,1.6972112959999368,A
-15.152508974146858,-4.166670652820958,-3.5183279554281235,C
-7.711536227303085,-5.222700460115104,-3.6019714108933263,B
9.304062218776064,0.5972263767188473,1.222589091083388,C
-25.973939599496912,-8.725676184206083,1.5361182945139982,B
-2.591315224366222,-0.9001084312499295,-3.210821070228822,B
12.62886424634495,3.954798131556048,3.571821037627439,D
24.854046202044838,7.341509859595956,4.742979512634321,C
-14.017840865688923,-5.251888702997903,-2.3654146914379206,C
42.37856599032847,9.446941890840655,1.6492224023507749,A
33.91115264999887,8.041646638128046,1.2329908338281932,A
-23.08124032406921,-5.188856845966059,3.6126080174102757,D
-13.39711874979016,-3.3353436162429535,-3.1361563280906934,C
17.122558069182766,8.1492425092097,-3.5718828805321667,A
-13.183832591300593,-4.60250511627903,-4.594372861273758,D
-12.524678116569147,-4.168815678678213,-1.2270562277861896,B
37.29737320199396,9.476623436332858,-0.8578251443299436,A
12.896114378341847,4.182100523224166,3.5776360342602462,C
-0.5436222699349553,1.34777450905532,3.0907848523144335,B
3.9184004322450194,2.560731189649154,4.89476838401551,D
4.804850458705016,-0.2179003911624715,-1.1123398737720516,A
-32.28983576849994,-9.912798616449525,-0.5550953885216838,C
25.38304239054568,6.694876770457693,-4.147972039491786,C
-16.473758924244528,-7.263200496086178,2.1025675203181358,B
-13.67074901769981,-5.1567259332912485,2.7936007221945918,B
9.89069589770508,4.5916489547087735,3.6549101176724204,B
29.192634270565115,7.242311525293516,-4.7103671678749315,A
15.575556928729075,5.659723005860336,1.393757477169535,C
-32.90116005224874,-9.381436452118672,-2.846579055663716,C
22.52419334643234,4.984446728266631,0.5634788914915356,B
15.347648999359214,5.9541352177535405,3.746163691792704,B
13.46679670925107,6.937201275773994,4.350930786161678,A
1.1042840035568098,2.2006903613427387,3.0193704154925474,D
-11.460418274531332,-2.5551503904205974,4.95964047618132,A
21.19658098796929,8.118806816083868,3.20495871218462,C
-14.307631505884038,-2.801260651547013,0.15239920078810876,B
4.274543328797574,0.9403396426985609,-4.488073839097641,C
-15.704426482100962,-4.338158964194186,0.2684668762265927,B
-17.586062775424438,-4.567988909579499,-4.579138701544453,B
11.165405018283257,3.7143832447122236,2.7971509160432673,B
5.858445277098271,-0.06747254079070686,2.50008772168467,A
28.052323694907553,6.571131150077285,-4.9473276826337385,D
-3.082297378750347,1.4003581805373493,2.612248399290234,C
-4.537886373262295,0.7357382793310752,-1.6147309788862185,C
-25.943039630118175,-8.895760812419875,4.874339808402381,C
11.70262502340514,3.4175323673862508,4.674510219441057,B
19.62216267771124,3.9060316140525693,-3.3644819576203067,D
31.995729406332742,7.558462641301901,-1.1698685007029184,A
-19.561454961001445,-8.695749701049493,-1.5030769070780945,C
4.779548652523857,1.037758184881847,4.274534651736305,C
-13.913512940678014,-5.968327365457819,4.465820532061498,A
11.74859313810507,7.571107198953978,-3.7545098111937825,A
22.119849274236365,9.686237516451186,0.9654786896962966,A
8.137581329288661,0.9840871866790213,4.639532107875947,A
1.8874713343815146,1.45380814353617,-2.3063223827646686,D
-7.6598052677508335,-2.9383612359924953,1.3244973261294284,D
8.090492035827317,0.201221031721996,-3.5486810097476362,B
-19.14110232920743,-7.327140436494323,1.4513330228520758,B
18.982861471483286,2.9878998431443335,-2.100546274733326,B
-9.514770797023331,-6.296413506829626,-1.9395284906435428,C
14.914758072039504,7.718436273079881,4.874913303909668,B
24.111178962384518,8.021780686065124,-0.39489102774337326,B
-26.07178747870346,-8.722897705220664,-1.2279342438684706,A
12.596825243205497,4.371681790916295,-0.9401380905197101,D
-21.290790184620967,-8.982184719626336,1.709167825891507,C
-15.704985580378949,-5.005019676560352,-3.0341471105808546,B
31.59788429084084,8.718214828341047,2.550150887480398,A
24.557780603154,8.255352417126979,1.7362791552694068,C
32.2902934834632,9.88277084763692,0.41565662142077375,A
21.41475198654257,5.808407822975159,3.395828385513905,A
-19.042333272657437,-7.2727482266920145,-0.5063377934299194,C
11.977535071831312,6.5578987720722,2.720406769767381,A
-12.909759604508444,-4.8750955734131,1.6888738224439273,B
-17.304954977623183,-3.643366979226286,-1.1880768331821678,D
30.789379542733272,9.60705786451729,4.923623478887016,D
-19.715031980688924,-6.995931670293345,1.4130047367418754,B
6.84059437850946,3.0413956112796843,-0.21883218829210982,C
21.755105157093595,4.997825439577268,-1.9265393410249154,C
-13.253063261264893,-6.877393865144603,-3.5528327516814038,B
15.443582932638272,6.871090277553243,-4.3817063204243,C
-8.952452659013224,-3.0426605861925005,-3.6325000888807635,C
-13.534709823895719,-1.030875471010397,-4.163766648587185,C
-19.087147492061067,-7.1001822746101535,-2.5188146117985752,A
-17.83632954134225,-4.86395883524451,-1.1710778445248238,D
20.63496607405958,6.394912706868251,-3.9955246781847995,C
-28.82442568347448,-8.496446771799707,2.6740206357248066,D
10.755532950952107,4.1325264396393795,-4.644083533230214,D
11.90988854128204,3.1318478035843533,-4.139502464189734,A
-28.73421650952777,-8.13330668633725,2.011751220069348,B
27.40255312795432,7.576950478657395,-0.5319452155711701,C
-11.399695979642367,-5.345399505401362,-3.3021453868409356,D
-6.327861193760642,-0.7999854634795192,-4.160964034019326,A
-27.048550749644082,-8.521551821062571,3.0787043026268943,B
18.610503699514297,7.2423214688673845,-3.7119555391250127,B
15.045555081213266,8.384424917616617,1.8040332285513738,A
-21.820277943352956,-5.893826727366367,-4.507960759093241,B
-0.5576136939072378,0.2576180053432253,-4.015654397620089,A
-33.34355947475957,-9.404880167984002,-1.289581729679894,D
-14.406278868528926,-6.040164299231017,4.00012246576906,C
17.185179846533938,5.538254729622841,2.3480038711260303,C
11.108071251273596,4.355365778754997,-2.7871136837817403,D
32.122863593634875,9.668885407945847,-1.0704627438926884,D
-17.83040551936259,-4.1296267703458645,-0.9174554479711503,B
-5.170434834076928,-2.156287665840903,2.403080614068813,B
-17.81830843316954,-7.457020439465385,4.382444403232329,B
15.929857023551403,4.45156500138115,-1.642815237811753,C
21.70754615709251,8.020428917146099,3.158109165170597,D
-18.741024220636444,-7.450663805533029,3.6757415896935424,C
28.906551086292712,9.505860459452848,-1.5822252150190366,D
20.685687681340934,7.368891509901488,-0.9825554587843888,C
7.275978320679368,-0.6753502625126266,0.2423215271402368,D
-10.008504251010214,-3.4985326957792218,2.1500723431266033,A
28.061842315227135,7.492517308577373,-3.7662987552499336,D
-23.857422215955122,-8.507323268177874,3.844266871488779,B
26.72227233458294,7.843332231932607,4.605114041980306,A
-18.80818662669866,-4.68237164505664,4.9923382327469685,C
0.18230211031762522,-2.027519199778542,4.642943657578627,D
-21.190402080718336,-7.242806533515691,-0.9862696563166606,D
32.48276116481529,9.052832337810962,-0.0463431984473921,B
-11.254259249286244,-5.052972169669636,-0.757545874897092,C
27.777718713293524,8.003026919855373,3.7938657593248184,C
-27.959473865340115,-7.373683499778398,4.1668238160212,D
-15.966929669814943,-4.703579953632994,4.049872017472371,D
-14.119125193825209,-3.3482013268142063,3.1428543995388587,B
23.84101034040305,6.414520514066503,-4.249575227649647,C
-27.25826724906779,-9.06609609276759,-4.611489483970088,B
12.07975253395503,4.581408379014537,-1.5595771019374718,B
-19.02563513573355,-5.4455766397177126,4.6419925421960535,D
21.89308180157318,9.080868429462615,-1.4492551750574743,A
5.46341362386847,0.7474999127335877,-3.0693375510582124,C
25.136574984335805,7.792208003284063,1.3362512656248429,D
10.489041935360705,2.9298016779285767,2.1163931271794967,B
2.2923538909477807,-0.7570364133941272,-0.43396445377893933,D
-0.03817909007540976,-2.2458916033948757,1.1615315356815978,A
9.700581919576235,6.7768352393725415,-3.993170937026603,A
32.27706474895737,9.969216161567154,3.6852587779567596,A
9.257104002548441,1.364929886155874,0.13222258964771072,D
-12.708667995294464,-3.5091139209852678,4.875189455920072,A
-21.246665494026367,-5.402828699328079,3.4144117034807735,D
-2.4870067101227353,-0.1735477961980898,-2.6503410250958814,B
-1.6004681292649132,0.3847278776022307,-2.626932432745086,D
-11.184259931237966,-1.0078697121526012,-4.338610089275603,A
25.492984558996042,8.26002154333299,-2.5551906867550676,D
-21.97670210211586,-5.748912271239501,-2.1582212556606937,D
-25.624382073598717,-4.025239828978979,-1.1607102204459343,D
12.213535321457561,4.017788973927239,-3.5367942116503768,B
-14.910461123642259,-3.6869424681112744,0.39806226385240784,C
12.621671255636777,3.105803754227697,-2.98728683137223,A
24.923274958105424,9.192500301168888,0.1874429496552077,B
3.2729658624551963,1.6506434691411158,-3.3743833538620818,D
-19.42620398101115,-6.142417943412286,2.7696969446054256,D
3.49792587329897,0.44173752684376666,4.1894928373638844,B
-4.628529056307574,1.5625982684037751,-4.935491097187237,B
-21.991221505060658,-4.12105786265939,-0.430062120959227,D
15.231547874354593,6.643572712633624,1.4439597743146946,A
-31.92705396612439,-8.353808612522453,-1.1373207282801734,B
-10.895284701659605,-4.134093262780256,-1.0197993068175681,B
-32.85094463187384,-9.919422152949169,4.803302400174633,B
0.1946066376213529,0.14209970961024254,-4.738005816792413,A
-7.584432360950832,-1.9756383396267712,-3.9505949548196306,D
-23.12216778798802,-9.151131252402912,-3.2239668607117067,D
1.240348723047985,-2.9705412230737522,1.740770947752134,B
6.081110108753956,1.9188267505955743,-1.8525838352764201,B
-11.655535538799786,-3.710456586206881,-1.6486135326104323,A
-15.394637558615926,-4.54113761477227,0.6061242439816175,C
12.796120150347269,4.9615886276057335,1.100435513022731,D
11.94791864986944,2.8691323678315346,3.895257065055999,A
-13.69932824702049,-5.672108306089592,-3.2918194479963114,D
15.574327212121705,4.13628618143002,4.249379295107724,D
-17.919211613932667,-7.764005385794532,2.780089602925103,A
21.438325402522025,8.402561732841171,-1.5092681503541683,A
27.440102242573026,5.700810501433963,2.503558101739368,A
-25.89085507174227,-6.991781179406726,0.23383069641479093,B
